answer,section,page,source_pdf,question,clean
Eviction and recovery of possession of premises in case of death of landlord.,Unknown,2,Model-Tenancy-Act-English-02_06_2021.pdf,Explain this tenancy law clause.,True
"Officers and other employees of Rent Authority, Rent Court and Rent Tribunal.",Unknown,3,Model-Tenancy-Act-English-02_06_2021.pdf,What does this clause mean in simple terms?,True
"THE MODEL TENANCY ACT, 2021 An Act to establish Rent Authority to regulate renting of premises and to protect the interests of landlords and tenants and to provide speedy adjudication mechanism for resolution of disputes and matters connected therewith or incidental thereto.",Unknown,4,Model-Tenancy-Act-English-02_06_2021.pdf,Summarize this legal clause.,True
"and (ii) a trustee or guardian or receiver receiving rent for any premises or is entitled to so receive, on account of or on behalf of or for the benefit of, any other person such as minor or person of unsound mind who cannot enter into a contract;",Unknown,4,Model-Tenancy-Act-English-02_06_2021.pdf,What does this clause mean in simple terms?,True
and (ii) any fitting to such building or part of the building for the more beneficial enjoyment thereof;,Unknown,5,Model-Tenancy-Act-English-02_06_2021.pdf,Simplify this tenancy law provision.,True
but shall not include any person against whom any order or decree for eviction has been made.,Unknown,5,Model-Tenancy-Act-English-02_06_2021.pdf,What does this clause mean in simple terms?,True
"43 of (d) premises owned by auqaf registered under the Waqf Act, 1995 or 1995 by any trust registered under the public trust law of the State/Union territory for the time being in force;",Unknown,6,Model-Tenancy-Act-English-02_06_2021.pdf,What does this clause mean in simple terms?,True
"Provided that notwithstanding anything contained in this section, if the term of tenancy expires at a time when the locality where the premises let out on rent is situated is affected by any disastrous event of force majeure, then, subject to requisition by the tenant, the landlord shall allow the tenant to continue in possession of the said premises till a period of one month from the date of cessation of such disastrous event on the same terms and conditions of the tenancy agreement already entered into.",Unknown,7,Model-Tenancy-Act-English-02_06_2021.pdf,Simplify this tenancy law provision.,True
"Explanation.–– For the purposes of this section, “force majeure” means a situation of war, flood, drought, fire, cyclone, earthquake or any other calamity caused by nature affecting the habitation of the tenant in the premises let out on rent.",Unknown,7,Model-Tenancy-Act-English-02_06_2021.pdf,Explain this tenancy law clause.,True
"The terms of agreement executed between landlord and tenant, Rights and obligations of shall be binding upon their successors in the event of the death of successor in the landlord or tenant, as the case may be, and in such case, the case of death.",Unknown,7,Model-Tenancy-Act-English-02_06_2021.pdf,What does this clause mean in simple terms?,True
rights and obligations as agreed to in the tenancy agreement for the remaining period of such tenancy.,Unknown,8,Model-Tenancy-Act-English-02_06_2021.pdf,Simplify this tenancy law provision.,True
"by entering into a supplementary agreement to the existing tenancy agreement, (a) sub-let whole or part of the premises held by him as a tenant;",Unknown,8,Model-Tenancy-Act-English-02_06_2021.pdf,What does this clause mean in simple terms?,True
The rent payable in respect of a premises shall be the rent agreed Rent payable.,Unknown,8,Model-Tenancy-Act-English-02_06_2021.pdf,Explain this tenancy law clause.,True
to between the landlord and the tenant in accordance with the terms of the tenancy agreement.,Unknown,8,Model-Tenancy-Act-English-02_06_2021.pdf,What does this clause mean in simple terms?,True
"In case of any dispute between landlord and tenant regarding Rent Authority to determine the revision of rent, the Rent Authority may, on an application made by revised rent in the landlord or tenant, determine the revised rent and other charges case of dispute.",Unknown,8,Model-Tenancy-Act-English-02_06_2021.pdf,Explain this tenancy law clause.,True
"and (b) not exceed six months rent, in case of non-residential premises.",Unknown,9,Model-Tenancy-Act-English-02_06_2021.pdf,Simplify this tenancy law provision.,True
"The tenancy agreement shall be signed in duplicate by both the Original tenancy agreement to be landlord and tenant, and one each of such original signed tenancy retained by agreement shall be retained by the landlord and tenant.",Unknown,9,Model-Tenancy-Act-English-02_06_2021.pdf,What does this clause mean in simple terms?,True
"charges shall be paid to the landlord by postal money order or any other method, in such manner as may be prescribed, consecutively for two months, and if the landlord refuses to accept the rent and other charges within such period, then the tenant may deposit the same with the Rent Authority in such manner as may be prescribed.",Unknown,9,Model-Tenancy-Act-English-02_06_2021.pdf,What does this clause mean in simple terms?,True
"under sub-section (1) or sub-section (2), shall not by itself operate as an admission against the landlord or any other claim made by the tenant, if the landlord withdraws it to the extent of rent agreed upon under the tenancy agreement.",Unknown,10,Model-Tenancy-Act-English-02_06_2021.pdf,What does this clause mean in simple terms?,True
"fails to carry out the required repairs to make it inhabitable or the said premises could not be made inhabitable, then, the security deposit and advance rent shall be refunded by the landlord to the tenant within a period of fifteen days of the expiry of the notice period, after making due deduction of liability of the tenant, if any.",Unknown,11,Model-Tenancy-Act-English-02_06_2021.pdf,What does this clause mean in simple terms?,True
"During the subsistence of tenancy, the tenant shall –– Tenant to look after premises.",Unknown,11,Model-Tenancy-Act-English-02_06_2021.pdf,Summarize this legal clause.,True
"electronic mode, to the tenant at least twenty four hours before the time of entry under the following circumstances, namely:–– (a) to carry out repairs or replacement or to do or to get work done in the premises;",Unknown,11,Model-Tenancy-Act-English-02_06_2021.pdf,Summarize this legal clause.,True
or (b) to carry out an inspection of the premises for the purpose of determining whether the premises are in a habitable state;,Unknown,11,Model-Tenancy-Act-English-02_06_2021.pdf,Simplify this tenancy law provision.,True
or (c) for any other reasonable cause for entry specified in the tenancy agreement.,Unknown,11,Model-Tenancy-Act-English-02_06_2021.pdf,Explain this tenancy law clause.,True
"Provided further that nothing contained in this section shall prevent the landlord from entering into the premises let out on rent without prior notice to the tenant in case of emergent situations like war, flood, fire, cyclone, earthquake or any other natural calamity, which may affect that premises.",Unknown,11,Model-Tenancy-Act-English-02_06_2021.pdf,Summarize this legal clause.,True
"and (d) if the property manager is a legal entity, the name of the entity and the person authorised in this behalf by that legal entity who may be contacted in relation to the tenancy agreement.",Unknown,12,Model-Tenancy-Act-English-02_06_2021.pdf,What does this clause mean in simple terms?,True
and consequences (b) to do essential repairs on behalf of the landlord;,Unknown,12,Model-Tenancy-Act-English-02_06_2021.pdf,Simplify this tenancy law provision.,True
"restoration of supply of essential services immediately on service of such order upon the landlord or property manager, as the case may be, pending the inquiry referred to in sub-section (3).",Unknown,13,Model-Tenancy-Act-English-02_06_2021.pdf,Summarize this legal clause.,True
"Explanation.–– For the purposes of this clause, “misuse of premises” means encroachment of additional space by the tenant or use of premises which causes public nuisance or causes damage to the property or is detrimental to the interest of the landlord or for immoral or illegal purposes;",Unknown,14,Model-Tenancy-Act-English-02_06_2021.pdf,Simplify this tenancy law provision.,True
and (ii) in cases where the tenant has been evicted under the orders of a Rent Court;,Unknown,14,Model-Tenancy-Act-English-02_06_2021.pdf,What does this clause mean in simple terms?,True
"Explanation.–– For the purposes of this clause, the expression “competent authority” means the Municipal Corporation or the Municipality or the Development Authority or any other authority, as the case may be, which provides permission on matters relating to repair or redevelopment or demolition of building or permission for change in land use: (g) that the tenant has given written notice to vacate the premises let out on rent and in consequence of that notice the landlord has contracted to sell the said premises or has taken any other step, as a result of which his interests would seriously suffer if he is not put in possession of that premises;",Unknown,14,Model-Tenancy-Act-English-02_06_2021.pdf,Simplify this tenancy law provision.,True
Where the tenant fails to vacate the premises let out on rent in Enhancement of rent in case of accordance with the tenancy agreement on the expiration of the refusal by tenant period of tenancy or termination of tenancy by an order or notice to vacate.,Unknown,15,Model-Tenancy-Act-English-02_06_2021.pdf,Simplify this tenancy law provision.,True
"under the provisions of this Act, such tenant shall be liable to pay the landlord –– (a) twice the monthly rent for the first two months;",Unknown,15,Model-Tenancy-Act-English-02_06_2021.pdf,Explain this tenancy law clause.,True
and (b) four times the monthly rent thereafter till the tenant continues to occupy the said premises.,Unknown,15,Model-Tenancy-Act-English-02_06_2021.pdf,What does this clause mean in simple terms?,True
"and he had received any rent or any other payment in advance from the tenant, he shall before recovery of possession, refund to the tenant such amount after deducting the rent and other charges due to him.",Unknown,15,Model-Tenancy-Act-English-02_06_2021.pdf,Simplify this tenancy law provision.,True
simple interest to the tenant at such rate as may be prescribed from time to time on the amount which he has omitted or failed to refund.,Unknown,16,Model-Tenancy-Act-English-02_06_2021.pdf,What does this clause mean in simple terms?,True
In any proceedings for recovery of possession on any ground Payment of rent during eviction other than that referred to in clause (a) or clause (b) of sub-section proceedings.,Unknown,16,Model-Tenancy-Act-English-02_06_2021.pdf,Summarize this legal clause.,True
Provided further that it shall be the responsibility of the tenant to remove any such additional structure built by tenant without consent of landlord.,Unknown,16,Model-Tenancy-Act-English-02_06_2021.pdf,Simplify this tenancy law provision.,True
"Notwithstanding anything contained in any other law for the time Vacant possession to being in force, where the interest, of a landlord or in case of death of landlord.",Unknown,17,Model-Tenancy-Act-English-02_06_2021.pdf,Explain this tenancy law clause.,True
"the landlord, of his legal heirs in any premises is determined for any reason whatsoever and any order is made by the Rent Court under this Act for the recovery of possession of such premises, such order shall, subject to the provisions of sub-section (3) of section 21, be binding on all occupants who may be in occupation of the premises and vacant possession thereof shall be given by all such occupants to the landlord or to the legal heirs of the landlord.",Unknown,17,Model-Tenancy-Act-English-02_06_2021.pdf,What does this clause mean in simple terms?,True
"Notwithstanding anything contained in this Act or any other law Provisions regarding notice for the time being in force, a tenant may give up possession of the of giving up premises on giving such written notice as is required under the possession by tenancy agreement and in the absence of any stipulation relating to tenant.",Unknown,17,Model-Tenancy-Act-English-02_06_2021.pdf,Summarize this legal clause.,True
"such notice, the tenant shall give notice to the landlord of at least one month before giving up possession of the premises.",Unknown,17,Model-Tenancy-Act-English-02_06_2021.pdf,Simplify this tenancy law provision.,True
"previous approval of the State Government/Union territory Administration, appoint an officer, not below the rank of Deputy Collector, to be the Rent Authority within his jurisdiction.",Unknown,17,Model-Tenancy-Act-English-02_06_2021.pdf,Explain this tenancy law clause.,True
Rent Court under this Act in respect of any proceedings initiated procedure of Rent Authority.,Unknown,18,Model-Tenancy-Act-English-02_06_2021.pdf,Summarize this legal clause.,True
"The District Collector or District Magistrate shall, with the previous approval of the State Government/ Union territory Rent Court Administration, appoint Additional Collector or Additional District Magistrate or an officer of equivalent rank, to be the Rent Court for the purposes of this Act, within his jurisdiction.",Unknown,18,Model-Tenancy-Act-English-02_06_2021.pdf,What does this clause mean in simple terms?,True
"The State Government/ Union territory Administration may, in consultation with the jurisdictional High Court, may by notification, Rent Tribunal appoint District Judge or Additional District Judge as Rent Tribunal in each district.",Unknown,18,Model-Tenancy-Act-English-02_06_2021.pdf,Summarize this legal clause.,True
"following manner, namely:–– (a) the landlord or the tenant may file an application or appeal before the Rent Court or, as the case may be, the Rent Tribunal accompanied by affidavit and documents, if any;",Unknown,18,Model-Tenancy-Act-English-02_06_2021.pdf,Explain this tenancy law clause.,True
"5 of (4) The provisions of the Code of Civil Procedure, 1908 regarding 1908 service of summons shall be applicable mutatis mutandis for service of notice by the Rent Court or Rent Tribunal.",Unknown,19,Model-Tenancy-Act-English-02_06_2021.pdf,What does this clause mean in simple terms?,True
"1974 (3) For the purposes of holding any inquiry or discharging any duty under this Act, the Rent Court may,–– (a) after giving not less than twenty-four hours notice in writing, enter and inspect or authorise any officer, subordinate to it, to enter and inspect, any premises at any time between sunrise and sunset;",Unknown,20,Model-Tenancy-Act-English-02_06_2021.pdf,Simplify this tenancy law provision.,True
"Rent Court as a decree of a civil court and for this purpose, the Rent Court shall have the powers of a civil court.",Unknown,21,Model-Tenancy-Act-English-02_06_2021.pdf,Explain this tenancy law clause.,True
"jurisdictional Rent Tribunal within the local limits of which the premises is situated, within a period of thirty days from the date of that order.",Unknown,21,Model-Tenancy-Act-English-02_06_2021.pdf,Explain this tenancy law clause.,True
or (b) attaching one or more bank accounts of the opposite party for the purpose of recovering the amount specified in such order;,Unknown,22,Model-Tenancy-Act-English-02_06_2021.pdf,Simplify this tenancy law provision.,True
or (c) appointing any advocate or any other competent person including officers of the Rent Court or local administration or local body for the execution of such order.,Unknown,22,Model-Tenancy-Act-English-02_06_2021.pdf,Explain this tenancy law clause.,True
"The State Government/Union territory Administration may, in Officers and consultation with the Rent Authority or Rent Court or Rent Tribunal, other employees determine the nature and categories of officers and other employees of Rent Authority, as it considers necessary and appoint such officers and other Rent Court and Rent Tribunal.",Unknown,22,Model-Tenancy-Act-English-02_06_2021.pdf,Simplify this tenancy law provision.,True
"1870 respect of applications or appeals to be presented before the Rent Authority or Rent Court or Rent Tribunal, as the case may be.",Unknown,23,Model-Tenancy-Act-English-02_06_2021.pdf,What does this clause mean in simple terms?,True
"Every member of Rent Authority, Rent Court and Rent Tribunal Members, etc., to 45 of appointed under this Act shall be deemed to be a public servant be public 1860 within the meaning of section 21 of the Indian Penal Code.",Unknown,23,Model-Tenancy-Act-English-02_06_2021.pdf,Explain this tenancy law clause.,True
"No suit, prosecution or other legal proceeding shall lie against Protection of any person, Rent Authority, Rent Court or Rent Tribunal in respect of action taken in good faith.",Unknown,23,Model-Tenancy-Act-English-02_06_2021.pdf,What does this clause mean in simple terms?,True
"Administration under this Act shall be laid as soon as may be, after it is made, before the State Legislature/Union territory Legislature where it consists of two Houses, or where such Legislature consists of one House, before that House.",Unknown,24,Model-Tenancy-Act-English-02_06_2021.pdf,Summarize this legal clause.,True
"order published in the Official Gazette, not inconsistent with the provisions of this Act, remove the difficulty: Provided that no such order shall be made after the expiry of a period of two years from the commencement of this Act.",Unknown,24,Model-Tenancy-Act-English-02_06_2021.pdf,Simplify this tenancy law provision.,True
Maintenance of gardens and open spaces let out to or used by the tenant.,Unknown,28,Model-Tenancy-Act-English-02_06_2021.pdf,Simplify this tenancy law provision.,True
"Power of State Government to issue orders in respect of premises belonging to local authority, etc.",Unknown,1,eng_maharashtra_rent_control_ac.pdf,What does this clause mean in simple terms?,True
Provisions with regard to standard rent not to apply to certain premises.,Unknown,1,eng_maharashtra_rent_control_ac.pdf,Summarize this legal clause.,True
"Increase in rent annually and on account of improvement, etc., special addition, etc., and special or heavy repairs.",Unknown,1,eng_maharashtra_rent_control_ac.pdf,Simplify this tenancy law provision.,True
No ejectment ordinarily to be made if tenant pays or is ready and willing to pay standard rent and permitted increases.,Unknown,1,eng_maharashtra_rent_control_ac.pdf,Explain this tenancy law clause.,True
Tenants’ right to give notice to landlord of his intention to occupy tenement in new building.,Unknown,1,eng_maharashtra_rent_control_ac.pdf,What does this clause mean in simple terms?,True
Landlord to intimate to tenant date of completion and tenant’s right to occupy premises in new building.,Unknown,1,eng_maharashtra_rent_control_ac.pdf,Summarize this legal clause.,True
"Members of armed forces of the Union, scientists or their successor-in-interest entitled to recover possession of premises required for their occupation.",Unknown,2,eng_maharashtra_rent_control_ac.pdf,Simplify this tenancy law provision.,True
Landlord entitled to recover possession of premises given on licence on expiry.,Unknown,2,eng_maharashtra_rent_control_ac.pdf,Explain this tenancy law clause.,True
In absence of contract tenant not to sub-let or transfer or to give on licence.,Unknown,2,eng_maharashtra_rent_control_ac.pdf,What does this clause mean in simple terms?,True
State Government or Government allottee to become tenant of premises requisitioned or continued under requisition.,Unknown,2,eng_maharashtra_rent_control_ac.pdf,Summarize this legal clause.,True
Special provision for making application to Competent Authority by landlord to evict tenant or licensee.,Unknown,2,eng_maharashtra_rent_control_ac.pdf,Simplify this tenancy law provision.,True
Order of Competent Authority to be non-appealable and revision by State Government.,Unknown,2,eng_maharashtra_rent_control_ac.pdf,Explain this tenancy law clause.,True
"assent was first published in the Maharashtra Government Gazette, Part-IV, on the 10th March 2000.] An Act to unify, consolidate and amend the law relating to the control of rent and repairs of certain premises and of eviction and for encouraging the construction of new houses by assuring a fair return on the investment by landlords and to provide for the matters connected with the purposes aforesaid.",Section 18,5,eng_maharashtra_rent_control_ac.pdf,Summarize this legal clause.,True
"WHEREAS it is expedient to unify, consolidate and amend the laws prevailing in the different parts of the State relating to the control of rents and repairs of certain premises and of eviction and for encouraging the construction of new houses by assuring a fair return and to provide for the matters connected with the purposes aforesaid;",Section 18,5,eng_maharashtra_rent_control_ac.pdf,Simplify this tenancy law provision.,True
"Short title, extent and commencement.— (1) This Act may be called the Maharashtra Rent Control Act, 1999.",Section 18,5,eng_maharashtra_rent_control_ac.pdf,Explain this tenancy law clause.,True
"Exemption.— (1) This Act shall not apply,— (a) to any premises belonging to the Government or a local authority or apply as against the Government to any tenancy, licence or other like relationship created by a grant from or a licence given by the Government in respect of premises requisitioned or taken on lease or on licence by the Government, including any premises taken on behalf of the Government on the basis of 1 For Statement of Objects and Reasons of the L.",Section 18,5,eng_maharashtra_rent_control_ac.pdf,Explain this tenancy law clause.,True
"but it shall apply in respect of premises let, or given on licence, to the Government or a local authority or taken on behalf of the Government on such basis by, or in the name of such officer;",Section 18,6,eng_maharashtra_rent_control_ac.pdf,Summarize this legal clause.,True
"or (iv) to premises belonging to or vested in an university established by any law for the time being force: Provided that, before issuing any direction under this sub-section, the State Government shall ensure that the tenancy rights of the existing tenants are not adversely affected.",Section 18,6,eng_maharashtra_rent_control_ac.pdf,Simplify this tenancy law provision.,True
"Power of State Government to issue orders in respect of premises belonging to local authority, etc.— Notwithstanding anything contained in this Act, the State Government may from time to time, by general or special order, direct that the exemption granted to a local authority under sub-section (1) of section 3 shall be subject to such conditions and terms as it may specify either generally or specially in any particular case, as the State Government may in its discretion determine.",Section 18,6,eng_maharashtra_rent_control_ac.pdf,What does this clause mean in simple terms?,True
"Cessation of exemption.— Where there is any contravention of any conditions or terms subject to which any exemption is granted by or under the provisions of this Act, it shall be competent for the State Government to direct that such exemption shall cease to have effect from such date as may be specified in the order: Provided that, no such order shall be made, unless the local Authority or the religious or charitable institution or the university referred to in sub-section (2) of section 3 has been given a reasonable opportunity of showing cause as to why such an order should not be issued.",Section 18,6,eng_maharashtra_rent_control_ac.pdf,Summarize this legal clause.,True
"Provisions with regard to standard rent not to apply to certain premises.— Notwithstanding anything contained in this Act, from the commencement of this Act, the provisions relating to standard rent and permitted increases shall not apply to any premises let to or given on licence in a building, whether newly constructed or otherwise where such premises were not let or given on licence for a continuous period of one year: Provided that, nothing in this section shall apply to,— (a) the premises referred to in sections 20 and 21;",Section 18,7,eng_maharashtra_rent_control_ac.pdf,Simplify this tenancy law provision.,True
"and (b) in relation to any premises requisitioned or continued under requisition which were allotted by the State Government for residential purpose to any person and on the 7th December 1996, being the date of coming into force of the Bombay Rents, Hotel and Lodging House Rates Control, Bombay Land Requisition and Bombay Government Premises (Eviction) (Amendment) Act, 1996 (Mah.",Section 18,7,eng_maharashtra_rent_control_ac.pdf,Simplify this tenancy law provision.,True
"such person or his legal heir was in occupation or possession of such premises for his or such legal heir’s own residence, means such person or legal heir;",Section 18,7,eng_maharashtra_rent_control_ac.pdf,Explain this tenancy law clause.,True
"and includes any person not being a tenant who from time to time derives title under a landlord, and further includes in respect of his sub-tenant, a tenant who has sub-let any premise;",Section 18,7,eng_maharashtra_rent_control_ac.pdf,Summarize this legal clause.,True
"and also includes, in respect of a licensee deemed to be a tenant under the provisions of the Bombay Rents, Hotel and Lodging House Rates Control Act, 1947 (Bom.",Section 18,7,eng_maharashtra_rent_control_ac.pdf,Simplify this tenancy law provision.,True
"and includes any person in such occupation of any premises or part thereof in a building vesting in or leased to a Co-operative Housing society registered or deemed to be registered under the Maharashtra Co-operative Societies Act, 1960 (Mah.",Section 18,8,eng_maharashtra_rent_control_ac.pdf,Simplify this tenancy law provision.,True
"and the expressions “licence”, “licensor” and “premises given on license” shall be construed accordingly;",Section 18,8,eng_maharashtra_rent_control_ac.pdf,Explain this tenancy law clause.,True
"or (b) where the standard rent or fair rent is not so fixed, then subject to the provisions of sections 6 and 8,— (i) the rent at which the premises were let on the 1st day of October 1987;",Section 18,9,eng_maharashtra_rent_control_ac.pdf,Explain this tenancy law clause.,True
"or (ii) where the premises were not let on the 1st day of October 1987 or the rent at which they were last let before that day, plus increase of 5 per cent.",Section 18,9,eng_maharashtra_rent_control_ac.pdf,What does this clause mean in simple terms?,True
"in the rent of the premises let before the 1st day of October 1987, or (c) in any of the cases specified in section 8, the rent fixed by the Court;",Section 18,9,eng_maharashtra_rent_control_ac.pdf,Summarize this legal clause.,True
"Explanation.— The provisions of this clause for transmission of tenancy shall not be restricted to the death of the original tenant, but shall apply even on the death of any subsequent tenant, who becomes tenant under these provisions on the death of the last preceding tenant.",Section 18,10,eng_maharashtra_rent_control_ac.pdf,Explain this tenancy law clause.,True
"Court may fix standard rent and permitted increases in certain cases.— (1) Subject to the provisions of section 9 in any of the following cases, the court may, upon an application made to it for the purpose, or in any suit or proceedings, fix the standard rent at such amount as, having regard to the provisions of this Act and the circumstances of the case, the court, deems just,— (a) where the court is satisfied that there is no sufficient evidence to ascertain the rent at which the premises were let in any one of the cases mentioned in paragraphs (i) and (ii) of sub-clause (b) of clause (14) of section 7;",Section 18,10,eng_maharashtra_rent_control_ac.pdf,What does this clause mean in simple terms?,True
"or (b) where by reasons of the premises having been let at one time as a whole or in parts and at another time, in parts or as a whole, or for any other reasons;",Section 18,10,eng_maharashtra_rent_control_ac.pdf,Summarize this legal clause.,True
"or (c) where any premises have been or are let rent-free or, at a nominal rent;",Section 18,10,eng_maharashtra_rent_control_ac.pdf,Simplify this tenancy law provision.,True
or (d) where there is any dispute between the landlord and the tenant regarding the amount of standard rent.,Section 18,10,eng_maharashtra_rent_control_ac.pdf,Explain this tenancy law clause.,True
"No application for standard rent in certain circumstances.— No court shall, upon an application or in any suit or proceedings, fix the standard rent of any premises under section 8, or entertain any plea that the rent or increases are excessive, if the standard rent or the permitted increase in respect of the same premises have been duly fixed by a competent court on the merits of the case, without any fraud or collusion or an error of the fact, and there has been no structural alternations or change in the amenities or in respect of any other factors which are relevant to the fixation of the standard rent, or change in such increases, thereafter in the premises.",Section 18,11,eng_maharashtra_rent_control_ac.pdf,Simplify this tenancy law provision.,True
"Rent in excess of standard rent illegal.— (1) Save as otherwise provided in section 6, it shall not be lawful to claim or receive on account of rent, for any premises any increases above the standard rent and the permitted increases, unless the landlord was, before the coming into operation of this Act, entitled to recover such increase by virtue of, or under, the provisions of any of the repealed Acts or is entitled to recover such increase under the provisions of this Act.",Section 18,11,eng_maharashtra_rent_control_ac.pdf,Explain this tenancy law clause.,True
and special or heavy repairs.— (1) After the commencement of this Act a landlord shall be entitled to make an increase of 4 per cent.,Section 18,11,eng_maharashtra_rent_control_ac.pdf,What does this clause mean in simple terms?,True
per annum in the rent of the premises let for any of the purpose referred to in sub-section (1) of section 2.,Section 18,11,eng_maharashtra_rent_control_ac.pdf,Summarize this legal clause.,True
"Explanation.— For the purposes of this sub-section, the period of one year on completion of which rent shall be so increased shall be computed from the date of commencement of this Act.",Section 18,11,eng_maharashtra_rent_control_ac.pdf,Simplify this tenancy law provision.,True
"Explanation.— In this sub-section, improvements and alterations do not include the repairs which the landlord is bound to make under sub-section (1) of section 14.",Section 18,11,eng_maharashtra_rent_control_ac.pdf,What does this clause mean in simple terms?,True
per annum of the expenses incurred on account of special additions to premises or special alterations made therein or additional amenities provided for the premises or on account of improvements or structural alterations made under sub-section (2) after the commencement of this Act.,Section 18,11,eng_maharashtra_rent_control_ac.pdf,Simplify this tenancy law provision.,True
"The tenants shall also be entitled to deduct amount of expenses incurred for such work from the rent which from time to time becomes due by them to the landlord or otherwise recover such amount from him: Provided that, where such work is jointly executed by the tenants the amount to be deducted or recovered by each tenant shall bear the same proportion as the rent payable by him in respect of his premises bears to the total amount of the expenses incurred for such work: Provided further that, the total amount so deducted or recoverable shall not exceed the amount of expenses incurred for such work.",Section 18,12,eng_maharashtra_rent_control_ac.pdf,Simplify this tenancy law provision.,True
and such increase of rent shall be payable from the month following the month in which such total amount is so deducted or recovered.,Section 18,12,eng_maharashtra_rent_control_ac.pdf,What does this clause mean in simple terms?,True
and the increase of rent shall be payable from the date of completion of the repairs till amount of the expenditure for such repairs is recovered from the tenant.,Section 18,12,eng_maharashtra_rent_control_ac.pdf,Simplify this tenancy law provision.,True
"Increase in rent on account of payment of rate, etc.— (1) Where a landlord is required to pay to Government or to any local authority or statutory authority in respect of any premises any fresh rate, cess, charges, tax, land assessment, ground rent of land or any other levy on lands and buildings, he shall, notwithstanding anything contained in any other provisions of this Act but save as otherwise",Section 18,12,eng_maharashtra_rent_control_ac.pdf,Simplify this tenancy law provision.,True
Certain increase in rent expected.— Any increase of rent under any of the foregoing provisions of sections 11 and 12 shall not be deemed to be increase for the purpose of section 10.,Section 18,13,eng_maharashtra_rent_control_ac.pdf,Simplify this tenancy law provision.,True
"Landlords’ duty to keep premises in good repair.— (1) Notwithstanding anything contained in any law for the time being in force and in the absence of an agreement to the contrary by the tenant, every landlord shall be bound to keep the premises in good and tenantable repair.",Section 18,13,eng_maharashtra_rent_control_ac.pdf,Explain this tenancy law clause.,True
"Provided that, where the repairs are jointly made by the tenants, the amount to be deducted or recovered with interest by each tenant shall bear the same proportion as the rent payable by him in respect of his premises bears to the total amount of the expenses incurred for such repairs together with simple interest at fifteen per cent.",Section 18,13,eng_maharashtra_rent_control_ac.pdf,Summarize this legal clause.,True
"per annum on such amount: Provided further that, the amount so deducted or recoverable in any year shall not exceed one- fourth of the rent payable by the tenant of that year.",Section 18,13,eng_maharashtra_rent_control_ac.pdf,Simplify this tenancy law provision.,True
and thereafter continues to pay or tenders in court regularly such standard rent and permitted increases till the suit is finally decided and also pays cost of the suit as directed by the court.,Section 18,13,eng_maharashtra_rent_control_ac.pdf,Explain this tenancy law clause.,True
"When landlord may recover possession.— (1) Notwithstanding anything contained in this Act but subject to the provisions of section 25, a landlord shall be entitled to recover possession of any premises if the court is satisfied— (a) that the tenant has committed any act contrary to the provisions of clause (o) of section 108 of the Transfer of Property Act, 1882 (IV of 1882);",Section 18,14,eng_maharashtra_rent_control_ac.pdf,Summarize this legal clause.,True
"Explanation.— For the purposes of this clause, replacing of tiles or closing of balcony of the premises shall not be regarded as an act of a causing damage to the building or destructive or permanently injurious thereto;",Section 18,14,eng_maharashtra_rent_control_ac.pdf,Simplify this tenancy law provision.,True
"or (b) that the tenant has, without the landlord’s consent given in writing, erected on the premises any permanent structure;",Section 18,14,eng_maharashtra_rent_control_ac.pdf,Explain this tenancy law clause.,True
"or (c) that the tenant, his agent, servant, persons inducted by tenant or claiming under the tenant or, any person residing with the tenant has been guilty of conduct which is a nuisance or annoyance to the adjoining or neighbouring occupier, or has been convicted of using the premises or allowing the premises to be used for immoral or illegal purposes or that the tenant has in respect of the premises been convicted of an offence of contravention of any of the provisions of clause (a) of sub-section (1) of section 394 or of section 394A of the Mumbai Municipal Corporation Act (Bom.",Section 18,14,eng_maharashtra_rent_control_ac.pdf,What does this clause mean in simple terms?,True
"or (d) that the tenant has given notice to quit and in consequence of that notice, the landlord has contracted to sell or let the premises or has taken any other steps as a result of which he would, in the opinion of the court, be seriously prejudiced, if he could not obtain possession of the premises;",Section 18,14,eng_maharashtra_rent_control_ac.pdf,Summarize this legal clause.,True
"or (e) that the tenant has— (i) on or after the 1st day February 1973, in the areas to which the Bombay Rents, Hotel and Lodging House Rates Control Act, 1947 (Bom.",Section 18,14,eng_maharashtra_rent_control_ac.pdf,Simplify this tenancy law provision.,True
"or (ii) on or after the commencement of this Act, in the Vidarbha and Marathwada areas of the State, unlawfully sub-let or given on licence the whole or part of the premises or assigned or transferred in any other manner his interest therein;",Section 18,14,eng_maharashtra_rent_control_ac.pdf,Explain this tenancy law clause.,True
"or (f) that the premises were let to the tenant for use as a residence by reason of his being in the service or employment of the landlord, and that the tenant has ceased, whether before or after the commencement of this Act, to be in such service or employment;",Section 18,14,eng_maharashtra_rent_control_ac.pdf,What does this clause mean in simple terms?,True
or (h) that the premises are reasonably and bona fide required by the landlord for carrying out repairs which cannot be carried out without the premises being vacated;,Section 18,15,eng_maharashtra_rent_control_ac.pdf,Simplify this tenancy law provision.,True
or (i) that the premises are reasonably and bona fide required by the landlord for the immediate purpose of demolishing them and such demolition is to be made for the purpose of erecting new building on the premises sought to be demolished;,Section 18,15,eng_maharashtra_rent_control_ac.pdf,Explain this tenancy law clause.,True
"Explanation.— For the purpose of this clause, if the premises let include the terrace or part thereof, or garages, servants quarters or out-houses (which are not on the terrace), or all or any one of more of them, this clause shall nevertheless apply;",Section 18,15,eng_maharashtra_rent_control_ac.pdf,Summarize this legal clause.,True
or (k) that the premises are required for the immediate purpose of demolition ordered by any municipal authority or other competent authority;,Section 18,15,eng_maharashtra_rent_control_ac.pdf,Simplify this tenancy law provision.,True
"or (l) that where the premises are land in the nature of garden or grounds appurtenant to a building or part of a building or part of a building, such land is required by the landlord for the erection of a new building which a municipal authority has approved or permitted him to build thereon;",Section 18,15,eng_maharashtra_rent_control_ac.pdf,Explain this tenancy law clause.,True
"or (m) that the rent charged by the tenant for the premises or any part thereof which are sub-let is in excess of the standard rent and permitted increases in respect of such premises or part or that the tenant has received any fine, premium, other like sum of consideration in respect of such premises or part;",Section 18,15,eng_maharashtra_rent_control_ac.pdf,What does this clause mean in simple terms?,True
"or (n) that the premises have not been used, without reasonable cause for the purpose for which they were let for for a continuous period of six months immediately preceding the date of the suit.",Section 18,15,eng_maharashtra_rent_control_ac.pdf,Summarize this legal clause.,True
"Where the court is satisfied that no hardship would be caused either to the tenant or to the landlord by passing the decree in respect of such part of the premises, the court shall the decree in respect of such part only.",Section 18,15,eng_maharashtra_rent_control_ac.pdf,Explain this tenancy law clause.,True
Explanation.— For the purposes of clause (g) of sub-section (1) the expression “landlord” shall not include a rent-farmer or rent-collector or estate-manager.,Section 18,15,eng_maharashtra_rent_control_ac.pdf,What does this clause mean in simple terms?,True
and on the tenant or tenants declining to give such consent the landlord shall be entitled to put the additional floor area of any permissible use;,Section 18,16,eng_maharashtra_rent_control_ac.pdf,Explain this tenancy law clause.,True
"or (ii) any one or more of the following structures that is to say, tower-room, sitting-out-rooms, ornamental structures, architectural features, landings, attics on the terrace of a building, or one or more rooms of whatsoever description on, such terrace (such room or rooms being in the aggregate of an area not more than one-sixth of the total area of the terrace);",Section 18,16,eng_maharashtra_rent_control_ac.pdf,Summarize this legal clause.,True
"Recovery of possession for repairs and re-entry.— (1) The court shall, when passing a decree on the ground specified in clause (h) of sub-section (1) of section 16, ascertain from the tenant whether he elects to be placed in occupation of the premises or part thereof from which he is to be evicted and if the tenant so elects, shall record the fact of the election, in the decree and specify in the decree the date on or before which he shall deliver possession so as to enable the landlord to commence the work of repairs.",Section 18,17,eng_maharashtra_rent_control_ac.pdf,What does this clause mean in simple terms?,True
Within thirty days from the date of receipt of such notice the tenant shall intimate to the landlord his acceptance of the accommodation offered and deposit with the landlord rent for one month.,Section 18,17,eng_maharashtra_rent_control_ac.pdf,Simplify this tenancy law provision.,True
"If the tenant gives such intimation and makes the deposit, the landlord shall, on completion of the work of repairs, place the tenant in occupation of the premises or part thereof on the terms and conditions existing on the date of the passing of the decree for eviction.",Section 18,17,eng_maharashtra_rent_control_ac.pdf,Explain this tenancy law clause.,True
"If the tenant fails to give to such intimation and to make the deposit, the tenant’s right to occupy the premises shall terminate.",Section 18,17,eng_maharashtra_rent_control_ac.pdf,What does this clause mean in simple terms?,True
"Recovery of possession for demolishing building.— (1) Where a decree for eviction has been passed by the court on the ground specified in clause (i) or (j) of sub-section (1) of section 16, and the work of demolishing the premises has not been commenced by the landlord within the period",Section 18,17,eng_maharashtra_rent_control_ac.pdf,Summarize this legal clause.,True
"On such order being made, the landlord shall forthwith deliver vacant possession of the premises to the tenant.",Section 18,18,eng_maharashtra_rent_control_ac.pdf,What does this clause mean in simple terms?,True
"Such order shall be deemed to be an order within the meaning of clause (14) of section 2 of the Code of Civil Procedure, 1908 (V of 1908).",Section 18,18,eng_maharashtra_rent_control_ac.pdf,Summarize this legal clause.,True
"Landlord to intimate to tenant date of completion and tenant’s right to occupy premises in new building.— (1) The landlord shall, not less than three months before the date on which the erection of the new building or, completion as the case may be, new floor or floors is likely to be completed, intimate to the tenant, the date on which the said erection shall be completed.",Section 18,18,eng_maharashtra_rent_control_ac.pdf,Summarize this legal clause.,True
"On the said date, the tenant shall be entitled to occupy the premises assigned to him by the landlord.",Section 18,18,eng_maharashtra_rent_control_ac.pdf,Simplify this tenancy law provision.,True
and the landlord shall be entitled to recover from the tenant a sum equal to three times the amount of the monthly standard rent in respect of the premises.,Section 18,18,eng_maharashtra_rent_control_ac.pdf,What does this clause mean in simple terms?,True
"Recovery of possession in case of tenancy created during service period.— (1) Where any landlord intends to let any premises or any part thereof belonging to him, to his employee, such",Section 18,18,eng_maharashtra_rent_control_ac.pdf,Simplify this tenancy law provision.,True
"and notwithstanding anything contained in this Act, the tenancy so created shall remain in force during the period of service or employment of the tenant with the landlord.",Section 18,19,eng_maharashtra_rent_control_ac.pdf,What does this clause mean in simple terms?,True
"and on their refusal or failure to do so the Competent Authority may proceed to take action under section 45: Provided that, the Competent Authority may entertain an application under this sub-section after the expiry of the said period, if it is satisfied that the applicant was prevented by sufficient cause from making the application in time: Provided further that, where the tenant is a workman or an employee whose services are terminated and a dispute in respect of such termination is pending before a tribunal, court or any other competent authority, the order for a eviction shall not be passed until such tribunal, court or authority, under the relevant law, finally upholds the order of such termination.",Section 18,19,eng_maharashtra_rent_control_ac.pdf,Simplify this tenancy law provision.,True
"Explanation.— For the purposes of this section, the expression “landlord” shall not include, in respect of sub-tenant, a tenant who has sub-let any premises, or in respect of a deemed tenant, a tenant at whose instance the deemed tenant has come in occupation of any premises.",Section 18,19,eng_maharashtra_rent_control_ac.pdf,Explain this tenancy law clause.,True
"and the Competent Authority shall make an order of eviction on that ground if— (a) in the case of landlord who is a member of the armed forces of the Union, he produces a certificate signed by the authorised officer to the effect that,—",Section 18,19,eng_maharashtra_rent_control_ac.pdf,Summarize this legal clause.,True
"or (b) in the case of a landlord who is scientist, he produces a certificate signed by an officer of the Department of Atomic Energy of, or above, of the rank of Deputy Secretary to Government to the effect that,— (i) he is presently holding a scientific post in the Department of Atomic Energy or in any of its aided institutions specified in the certificate or he was holding such post and has now retired with effect from the date specified in the certificate;",Section 18,20,eng_maharashtra_rent_control_ac.pdf,Explain this tenancy law clause.,True
and (ii) he does not possess any other suitable residence (excluding any residential accommodation provided by Government) in the local area where the premises are situated;,Section 18,20,eng_maharashtra_rent_control_ac.pdf,What does this clause mean in simple terms?,True
and (ii) he does not possesses any other suitable residence (excluding any residential accommodation provided by Government or Public Sector Undertaking) in the local area where the premises are situated;,Section 18,20,eng_maharashtra_rent_control_ac.pdf,Summarize this legal clause.,True
"and the Competent Authority shall make an order of eviction on that ground if,— (a) in the case of the successor-in-interest of a member of the armed forces of the Union, he produces a certificate signed by the authorised officer to the effect that,— (i) a successor-in-interest is a widow or any other member of the family of the deceased member of the armed forces of the Union, who died while in service on the date specified in the certificate (or of a member of the armed forces of the Union who has retired and who died within five years of his retirement on the date specified in the certificate);",Section 18,20,eng_maharashtra_rent_control_ac.pdf,Explain this tenancy law clause.,True
and (ii) such a successor-in-interest does not possess any other premises suitable for residence in the local area where such premises are situated;,Section 18,20,eng_maharashtra_rent_control_ac.pdf,What does this clause mean in simple terms?,True
and (ii) such successor-in-interest does not possess any other suitable residence (excluding any residential accommodation provided by Government or the Public Sector Undertaking) in the local area where such premises are situated.,Section 18,21,eng_maharashtra_rent_control_ac.pdf,Simplify this tenancy law provision.,True
"Landlord entitled to recover possession of premises given on licence on expiry.— (1) Notwithstanding anything contained in this Act, a licensee, in possession or occupation of premises given to him on license for residence shall deliver possession of such premises to the landlord on expiry of the period of licence;",Section 18,22,eng_maharashtra_rent_control_ac.pdf,What does this clause mean in simple terms?,True
"and on the failure of the licensee to so deliver the possession of the licensed premises, a landlord shall be entitled to recover possession of such premises from a licensee, on the expiry of the period of licence, by making an application to the Competent Authority, and the Competent Authority, on being satisfied that the period of licence has expired, shall pass an order for eviction of a licensee.",Section 18,22,eng_maharashtra_rent_control_ac.pdf,Summarize this legal clause.,True
"Explanation.— For the purposes of this section,— (a) the expression “landlord” includes a successor-in-interest who becomes the landlord of the premises as a result of death of such landlord;",Section 18,22,eng_maharashtra_rent_control_ac.pdf,What does this clause mean in simple terms?,True
but does not include a tenant or a sub-tenant who has given premises on license;,Section 18,22,eng_maharashtra_rent_control_ac.pdf,Summarize this legal clause.,True
"Certain Sub-tenants to become tenants on determination of tenancy.— When the interest of a tenant of any premises is determined for any reason, any sub-tenant to whom the premises or any part thereof have been lawfully sub-let and such sub-tenancy is subsisting on the date of commencement of this Act or where sub-tenancy is permitted by a contract between the landlord and the tenant, such sub-tenant shall, subject to the provisions of this Act, be deemed to become the tenant of his landlord on the same terms and conditions as he would have held from the tenant if the tenancy had continued.",Section 18,22,eng_maharashtra_rent_control_ac.pdf,Simplify this tenancy law provision.,True
"State Government or Government allottee to become tenant of premises requisitioned or continued under requisition.— (1) On the 7th December 1996, that is the date of coming into force of Bombay Rents, Hotel and Lodging House Rates Control, Bombay Land Requisition and Bombay Government Premises (Eviction) (Amendment) Act, 1996 (Mah.",Section 18,22,eng_maharashtra_rent_control_ac.pdf,What does this clause mean in simple terms?,True
"and (b) the Government allottee, in respect of the premises requisitioned or continued under requisition and allotted to him as referred to in sub-clause (b) of clause (2) of section shall, notwithstanding anything contained in this Act, or in the Bombay Land Requisition Act, 1948 (Bom.",Section 18,22,eng_maharashtra_rent_control_ac.pdf,Simplify this tenancy law provision.,True
"and such premises shall be deemed to have been let by the landlord to the State Government or, as the case may be, to such Government allottee, on payment of rent and permitted increases equal to the amount of compensation payable in respect of the premises immediately before the said date.",Section 18,23,eng_maharashtra_rent_control_ac.pdf,Summarize this legal clause.,True
"Inspection of premises.— The landlord shall be entitled to inspect the premises let or given on licence, at a reasonable time after giving prior notice to the tenant, licensee or occupier.",Section 18,23,eng_maharashtra_rent_control_ac.pdf,Summarize this legal clause.,True
"Landlord not to cut-off or withhold essential supply or service.— (1) No landlord, either himself or through any person acting or purporting to act on his behalf, shall, without just or sufficient cause, cut-off or withhold any essential supply or service enjoyed by the tenant in respect of the premises let to him.",Section 18,23,eng_maharashtra_rent_control_ac.pdf,Simplify this tenancy law provision.,True
"On the failure of the landlord to comply with such interim order of the court, the landlord shall be liable to the same penalty as is provided for in sub-section (4).",Section 18,23,eng_maharashtra_rent_control_ac.pdf,Summarize this legal clause.,True
"Any landlord who fails to restore the supply or service before the date so specified, shall, for each day during which the default continues thereafter, be liable upon further directions by the court, to that effect, to fine which may extend to one hundred rupees.",Section 18,23,eng_maharashtra_rent_control_ac.pdf,Explain this tenancy law clause.,True
"Conversion of residential into commercial premises prohibited.— (1) A landlord shall not use or permit to be used for a commercial purpose any premises which, on the date of the commencement of this Act, were used for a residential purpose.",Section 18,24,eng_maharashtra_rent_control_ac.pdf,What does this clause mean in simple terms?,True
"Recovery of rent according to British Calendar.— (1) Notwithstanding anything contained in any law for the time being in force or any contract, custom of local usage to the contrary, rent payable by the month or year or portion year shall be recovered according to the British Calendar.",Section 18,24,eng_maharashtra_rent_control_ac.pdf,Summarize this legal clause.,True
"Appeal.— (1) Notwithstanding anything contained in any law for the time being in force, an appeal shall lie— (a) in Brihan Mumbai from a decree or order made by the Court of Small Causes, Mumbai exercising jurisdiction under section 33, to a bench of two judges of the said Court which shall not include the Judge who made such decree or order;",Section 18,25,eng_maharashtra_rent_control_ac.pdf,What does this clause mean in simple terms?,True
"Saving of suit involving tittle.— Nothing contained in sections 33 and 34 shall be deemed to bar a party to a suit, proceeding or appeal mentioned therein in which a question of title to premises arises and is determined from using in a competent court to establish, his title to such premises.",Section 18,26,eng_maharashtra_rent_control_ac.pdf,Summarize this legal clause.,True
"Compensation in respect of proceedings which are not bona fide or are false, frivolous or vexatious.— If the court finds that any suit, proceeding or application instituted or made before it is not instituted, or made, bona fide or is false, frivolous or vexatious, the court may, after hearing the plaintiff or applicant and for reasons to be recorded, order that compensation, not exceeding two thousand rupees, be paid by such plaintiff or applicant to the defendant or opponent, as the case may be.",Section 18,26,eng_maharashtra_rent_control_ac.pdf,Simplify this tenancy law provision.,True
"Definition of landlord for the purpose of Chapter VIII.— For the purposes this Chapter, landlord means a landlord who is,— (a) a person who has created a service tenancy in respect of his premises or a part thereof in favour of his employee under section 22;",Section 18,26,eng_maharashtra_rent_control_ac.pdf,Summarize this legal clause.,True
Special procedure for disposal of applications.— (1) Every application by a landlord under this Chapter for the recovery of possession shall be accompanied by such fees as may be prescribed.,Section 18,27,eng_maharashtra_rent_control_ac.pdf,What does this clause mean in simple terms?,True
The Competent Authority shall deal with the application in accordance with the procedure laid down in this section.,Section 18,27,eng_maharashtra_rent_control_ac.pdf,Summarize this legal clause.,True
Order of Competent Authority to be non-appealable and revision by State Government.— (1) No appeal shall lie against an order for the recovery of possession of any premises made by the Competent Authority in accordance with the procedure specified in section 43.,Section 18,27,eng_maharashtra_rent_control_ac.pdf,What does this clause mean in simple terms?,True
"Effect of refusal or failure to comply with order of eviction.— If any person refuses or fails to comply with the order of eviction made under section 43 within thirty days of the date on which it has become final, the Competent Authority or any other officer duly authorised by the Competent Authority in this behalf, may evict that person from, and take possession of, the premises and deliver the same to the landlord and for that purpose, use such force as may be necessary.",Section 18,28,eng_maharashtra_rent_control_ac.pdf,Explain this tenancy law clause.,True
"Pending Suits and proceedings in courts.— (1) Subject to sub-section (2), all suits and proceedings filed by landlords, being the landlords referred to in clause (a) or (b) or (c) of section 41 for eviction of tenant on the grounds specified in section 22 or 23 or 24 and pending on the date of commencement of this Act, unless the landlord withdraws the same in relation to relief of recovery of possession of the premises claimed therein, be heard, proceeded with and disposed of by the Court in which such suit or proceeding is pending as if this Act had not been passed.",Section 18,28,eng_maharashtra_rent_control_ac.pdf,What does this clause mean in simple terms?,True
"Offences by companies, etc.— Where person committing an offence under this Act is a company, or other body corporate, or an association of persons (whether incorporated or not) or a firm, every Director, Manager, Secretary, Agent or other officer or person concerned with the management thereof, and every partner of the firm shall, unless be proves that the offence was committed without his knowledge or consent, be deemed to be guilty of such offence.",Section 18,29,eng_maharashtra_rent_control_ac.pdf,Summarize this legal clause.,True
"Tenancy agreement to be compulsorily registered.— (1) Notwithstanding anything contained in this Act or any other law for the time being in force, any agreement for leave and licence or letting of any premises, entered into between the landlord and the tenant or the licensee, as the case may be, after the commencement of this Act, shall be in writing and shall be registered under the Registration Act, 1908 (XVI of 1908).",Section 18,29,eng_maharashtra_rent_control_ac.pdf,Simplify this tenancy law provision.,True
"Right of tenant and landlord to receive lawful charges.— Notwithstanding anything contained in this Act, it shall be lawful for,— (i) the tenant or any person acting or purporting to act on behalf of the tenant to claim or receive any sum or any consideration, as a condition of the relinquishment, transfer or assignment of his tenancy of any premises;",Section 18,29,eng_maharashtra_rent_control_ac.pdf,Summarize this legal clause.,True
"Repeal and saving.— (1) On the commencement of this Act, the following laws, that is to say,— (a) the Bombay Rents, Hotel and Lodging House Rates Control Act, 1947 (Bom.",Section 18,30,eng_maharashtra_rent_control_ac.pdf,Explain this tenancy law clause.,True
"and (c) the Hyderabad Houses (Rent, Eviction and Lease) Control Act, 1954 (Hyd.",Section 18,30,eng_maharashtra_rent_control_ac.pdf,Summarize this legal clause.,True
"Removal of difficulty.— If any difficulty arises in giving effect to the provisions of this Act unifying, consolidating and amending the laws relating to the control of rent and eviction and other connected matters in the repealed Acts, and as are contained in this Act, the State Government may, as occasion arises, by order do anything which appears to it to be necessary for the purpose of removing the difficulty: Provided that, no such order shall be made after the expiry of the period of two years from the date of commencement of this Act.",Section 18,31,eng_maharashtra_rent_control_ac.pdf,What does this clause mean in simple terms?,True
"WHEREAS Shri…………………………………......filed an application (a copy of which is annexed) for your eviction from (here insert the particulars of the premises) on the ground specified in section 23/24 of the Maharashtra Rent Control Act, 1999.",Section 18,44,eng_maharashtra_rent_control_ac.pdf,Simplify this tenancy law provision.,True
"within fifteen days of the service hereof and to obtain the leave of the Competent Authority to contest the application for eviction on the ground aforesaid, in default whereof, the applicant will be entitled at any time after the expiry of the said period of fifteen days to obtain an order for your eviction from the said premises.",Section 18,44,eng_maharashtra_rent_control_ac.pdf,Explain this tenancy law clause.,True
Leave to appear and contest the application may be obtained on an application to the Competent Authority which shall be supported by an affidavit as is referred to in clause (a) of sub-section (4) of section 43.,Section 18,44,eng_maharashtra_rent_control_ac.pdf,What does this clause mean in simple terms?,True
